City,State full
Jachin,Alabama
Jack,Alabama
Jackhorn,Kentucky
Jackman,Maine
Jackpot,Nevada
Jacks Creek,Tennessee
Jacksboro,Tennessee
Jacksboro,Texas
Jackson,New Hampshire
Jackson,New Jersey
Jackson,Pennsylvania
Jackson,North Carolina
Jackson,South Carolina
Jackson,Georgia
Jackson,Alabama
Jackson,Tennessee
Jackson,Mississippi
Jackson,Kentucky
Jackson,Ohio
Jackson,Michigan
Jackson,Wisconsin
Jackson,Minnesota
Jackson,Montana
Jackson,Missouri
Jackson,Nebraska
Jackson,Louisiana
Jackson,Wyoming
Jackson,California
Jackson Center,Pennsylvania
Jackson Center,Ohio
Jackson Heights,New York
Jackson Springs,North Carolina
Jacksonboro,South Carolina
Jacksonburg,West Virginia
Jacksonport,Arkansas
Jacksons Gap,Alabama
Jacksontown,Ohio
Jacksonville,Vermont
Jacksonville,New York
Jacksonville,North Carolina
Jacksonville,Georgia
Jacksonville,Florida
Jacksonville,Alabama
Jacksonville,Ohio
Jacksonville,Illinois
Jacksonville,Missouri
Jacksonville,Arkansas
Jacksonville,Texas
Jacksonville,Oregon
Jacksonville Beach,Florida
Jacob,Illinois
Jacobs Creek,Pennsylvania
Jacobsburg,Ohio
Jacobson,Minnesota
Jacumba,California
Jadwin,Missouri
Jaffrey,New Hampshire
Jakin,Georgia
Jal,New Mexico
Jamaica,Vermont
Jamaica,New York
Jamaica,Virginia
Jamaica,Iowa
Jamaica Plain,Massachusetts
James City,Pennsylvania
James Creek,Pennsylvania
Jameson,Missouri
Jamesport,New York
Jamesport,Missouri
Jamestown,Rhode Island
Jamestown,New York
Jamestown,Pennsylvania
Jamestown,Virginia
Jamestown,North Carolina
Jamestown,South Carolina
Jamestown,Tennessee
Jamestown,Kentucky
Jamestown,Ohio
Jamestown,Indiana
Jamestown,Michigan
Jamestown,North Dakota
Jamestown,Missouri
Jamestown,Kansas
Jamestown,Louisiana
Jamestown,Colorado
Jamestown,New Mexico
Jamestown,California
Jamesville,New York
Jamesville,Virginia
Jamesville,North Carolina
Jamieson,Oregon
Jamison,Pennsylvania
Jamul,California
Jane Lew,West Virginia
Janesville,Iowa
Janesville,Wisconsin
Janesville,Minnesota
Janesville,Illinois
Janesville,California
Jansen,Nebraska
Jarales,New Mexico
Jarbidge,Nevada
Jaroso,Colorado
Jarratt,Virginia
Jarreau,Louisiana
Jarrell,Texas
Jarrettsville,Maryland
Jarvisburg,North Carolina
Jasonville,Indiana
Jasper,New York
Jasper,Georgia
Jasper,Florida
Jasper,Alabama
Jasper,Tennessee
Jasper,Ohio
Jasper,Indiana
Jasper,Michigan
Jasper,Minnesota
Jasper,Missouri
Jasper,Arkansas
Jasper,Texas
Java,Virginia
Java,South Dakota
Java Center,New York
Java Village,New York
Jay,Maine
Jay,New York
Jay,Florida
Jay,Oklahoma
Jay Em,Wyoming
Jayess,Mississippi
Jayton,Texas
Jayuya,Puerto Rico
Jb Phh,Hawaii
Jber,Alaska
JBLM,Washington
JC,Tennessee
Jean,Nevada
Jeanerette,Louisiana
Jeannette,Pennsylvania
Jeddo,Michigan
Jeff,Kentucky
Jeffers,Minnesota
Jefferson,Massachusetts
Jefferson,New Hampshire
Jefferson,Maine
Jefferson,New York
Jefferson,Pennsylvania
Jefferson,Maryland
Jefferson,North Carolina
Jefferson,South Carolina
Jefferson,Georgia
Jefferson,Alabama
Jefferson,Ohio
Jefferson,Iowa
Jefferson,Wisconsin
Jefferson,South Dakota
Jefferson,Arkansas
Jefferson,Texas
Jefferson,Colorado
Jefferson,Oregon
Jefferson City,Tennessee
Jefferson City,Montana
Jefferson City,Missouri
Jefferson Valley,New York
Jeffersonton,Virginia
Jeffersonville,Vermont
Jeffersonville,New York
Jeffersonville,Georgia
Jeffersonville,Kentucky
Jeffersonville,Ohio
Jeffersonville,Indiana
Jeffrey,West Virginia
Jeffrey City,Wyoming
Jekyll Island,Georgia
Jellico,Tennessee
Jelm,Wyoming
Jemez Pueblo,New Mexico
Jemez Springs,New Mexico
Jemison,Alabama
Jena,Louisiana
Jenera,Ohio
Jenison,Michigan
Jenkinjones,West Virginia
Jenkins,Kentucky
Jenkins,Minnesota
Jenkins Bridge,Virginia
Jenkinsburg,Georgia
Jenkinsville,South Carolina
Jenkintown,Pennsylvania
Jenks,Oklahoma
Jenner,California
Jenners,Pennsylvania
Jennerstown,Pennsylvania
Jennings,Florida
Jennings,Kansas
Jennings,Louisiana
Jennings,Oklahoma
Jensen,Utah
Jensen Beach,Florida
Jeremiah,Kentucky
Jericho,Vermont
Jericho,New York
Jerico Springs,Missouri
Jermyn,Pennsylvania
Jermyn,Texas
Jerome,Pennsylvania
Jerome,Michigan
Jerome,Missouri
Jerome,Idaho
Jerome,Arizona
Jeromesville,Ohio
Jerry City,Ohio
Jersey,Virginia
Jersey,Georgia
Jersey,Arkansas
Jersey City,New Jersey
Jersey Mills,Pennsylvania
Jersey Shore,Pennsylvania
Jerseyville,Illinois
Jerusalem,Ohio
Jerusalem,Arkansas
Jesse,West Virginia
Jessie,North Dakota
Jessieville,Arkansas
Jessup,Pennsylvania
Jessup,Maryland
Jesup,Georgia
Jesup,Iowa
Jet,Oklahoma
Jetersville,Virginia
Jetmore,Kansas
Jetson,Kentucky
Jewell,Georgia
Jewell,Ohio
Jewell,Iowa
Jewell,Kansas
Jewell Ridge,Virginia
Jewett,New York
Jewett,Ohio
Jewett,Illinois
Jewett,Texas
Jewett City,Connecticut
Jigger,Louisiana
Jim Falls,Wisconsin
Jim Thorpe,Pennsylvania
Joanna,South Carolina
Joaquin,Texas
Jobstown,New Jersey
Joelton,Tennessee
Joes,Colorado
Joffre,Pennsylvania
Johannesburg,Michigan
Johannesburg,California
John Day,Oregon
Johns Island,South Carolina
Johnsburg,New York
Johnson,Vermont
Johnson,New York
Johnson,Kansas
Johnson,Nebraska
Johnson,Arkansas
Johnson City,New York
Johnson City,Tennessee
Johnson City,Texas
Johnson Creek,Wisconsin
Johnsonburg,New Jersey
Johnsonburg,Pennsylvania
Johnsonville,New York
Johnsonville,South Carolina
Johnsonville,Illinois
Johnston,Rhode Island
Johnston,South Carolina
Johnston,Iowa
Johnston City,Illinois
Johnstown,New York
Johnstown,Pennsylvania
Johnstown,Ohio
Johnstown,Nebraska
Johnstown,Colorado
Joice,Iowa
Joiner,Arkansas
Joinerville,Texas
Joliet,Montana
Joliet,Illinois
Jolley,Iowa
Jolo,West Virginia
Jolon,California
Jonancy,Kentucky
Jonas Ridge,North Carolina
Jones,Alabama
Jones,Michigan
Jones,Louisiana
Jones,Oklahoma
Jones Mill,Arkansas
Jones Mills,Pennsylvania
Jonesboro,Maine
Jonesboro,Georgia
Jonesboro,Indiana
Jonesboro,Illinois
Jonesboro,Louisiana
Jonesboro,Arkansas
Jonesboro,Texas
Jonesborough,Tennessee
Jonesburg,Missouri
Jonesport,Maine
Jonestown,Pennsylvania
Jonestown,Mississippi
Jonesville,Vermont
Jonesville,Virginia
Jonesville,North Carolina
Jonesville,South Carolina
Jonesville,Kentucky
Jonesville,Indiana
Jonesville,Michigan
Jonesville,Louisiana
Jonesville,Texas
Joplin,Montana
Joplin,Missouri
Joppa,Maryland
Joppa,Alabama
Joppa,Illinois
Jordan,New York
Jordan,Minnesota
Jordan,Montana
Jordan Valley,Oregon
Jordanville,New York
Joseph,Utah
Joseph,Oregon
Joseph City,Arizona
Josephine,Pennsylvania
Josephine,West Virginia
Josephine,Texas
Joshua,Texas
Joshua Tree,California
Jourdanton,Texas
Joy,Illinois
Joyce,Louisiana
Joyce,Washington
JPV,Florida
Juana Diaz,Puerto Rico
Jud,North Dakota
Juda,Wisconsin
Judith Gap,Montana
Judson,Texas
Judsonia,Arkansas
Julesburg,Colorado
Juliaetta,Idaho
Julian,Pennsylvania
Julian,West Virginia
Julian,North Carolina
Julian,Nebraska
Julian,California
Juliette,Georgia
Juliustown,New Jersey
Jump River,Wisconsin
Jumping Branch,West Virginia
Juncos,Puerto Rico
Junction,Illinois
Junction,Texas
Junction,Utah
Junction City,Georgia
Junction City,Kentucky
Junction City,Ohio
Junction City,Wisconsin
Junction City,Kansas
Junction City,Arkansas
Junction City,California
Junction City,Oregon
June Lake,California
Juneau,Wisconsin
Juneau,Alaska
Junedale,Pennsylvania
Juniata,Nebraska
Junior,West Virginia
Juntura,Oregon
Jupiter,Florida
Justice,West Virginia
Justice,Illinois
Justiceburg,Texas
Justin,Texas